{
  "IsEncrypted": false,
  "Values": {
    "AzureWebJobsStorage": "DefaultEndpointsProtocol=https;AccountName=plcstoragedev001;AccountKey=kiPEUdXsB0chIA7/QWKxnbI2Mm3DwP4aOETRmgPtx3j0FIlcw6kEmvTJIu8d98TJL66+Ct7HiBF/+AStx/CdRg==;EndpointSuffix=core.windows.net",
    "FUNCTIONS_WORKER_RUNTIME": "python",
    "IOTHUB_CONNECTION": "Endpoint=sb://ihsuprodpnres003dednamespace.servicebus.windows.net/;SharedAccessKeyName=iothubowner;SharedAccessKey=mIyU7q9vn5I6vulyK7i4IG7k1geVNRLOAAIoTIY6pt0=;EntityPath=iothub-ehub-idexiot-01-56155852-4791326946"
  }
}
